UPC,Description
738613594851,"Cheez Its, Baked Snack Crackers"
49776369867,12 pack 355 mL cans of Vanilla Coke
72659628065,Bread City Semolina Sliced Bread
26938778811,Nuts Pine Nuts
850808005284,Moon Cheese - Mozzarella Cheese
78932100013,Boyds Coffee Streamliner Coffee
835143000385,Teas' Tea Unsweetened Tea Jasmine Green Tea 2 Liter
26938778934,Seeds Pumpkin Seeds Raw
44000025397,"Oreo Golden Oreo Cookie, 16.6-Ounce Packages"
786173793733,"Cheetos Flamin Hot, 9 ounce"
75767002208,Perrys Ice Cream Perrys
818204472888,Minute Rice Premium Rice
696551524739,Barney Butter Almond Butter Smooth
30684309533,Jelly Belly 49 Flavors
73490129292,Sparkling White Grape Juice
70077001606,Chicken Potstickers
31000670641,P.F. Chang's Chicken Mini Egg Rolls
291000196866,Authentic Indian Curry Korma Masala
634039000016,Meyer Lemon Olive Oil
857750003498,Uncured Turkey Salami
24126016912,Hot Dog Buns
73890039061,Hot Dogs
628055758853,Fody Ketchup
2840033581,Doritos Flamas Chips
28400091565,Lays Classic Potato Chips
2986005505,Strawberrys Steak Shake Seasoning
694656002022,Inka Corn Picante Roasted Corn
683272000017,Walter's Mustard
44000054816,Chips Ahoy! Original Real Chocolate Chip Cookies
41271028027,Iced Coffee
